Шал:,Тагт:,Ашиглалтанд орсон он:,Гараж:,Цонх:,Барилгын давхар:,Хаалга:,Талбай:,Хэдэн давхарт:,Төлбөрийн нөхцөл:,Цонхны тоо:,Барилгын явц:,Цахилгаан шаттай эсэх:,price,title,location,date,id,description,page,ad_num
Паркет,1 тагттай,2024,Байхгүй,Вакум,16,Бүргэд,55.2 м²,11,Лизинггүй,3,Ашиглалтад орсон,Цахилгаан шаттай,3.1 сая ₮,"Энсо аппертмэнт-д 55,2 м2 2 өрөө байр","УБ — Хан-Уул, Хан-Уул, Хороо 25",Нийтэлсэн: 2024-10-09 17:12,8689887,Нисэхийн тойрог дээрх Энсо апертмэнт-д 2 өрөө 55.2 м2 ашиглалтанд орсон шинэ байр худалдана. Гэрчилгээ бэлэн.,4,12
Паркет,1 тагттай,2024,Байгаа,Вакум,16,Төмөр вакум,44.4 м²,5,Лизинггүй,2,Ашиглалтад орсон,Цахилгаан шаттай,158 сая ₮,Agarta residence хотын шинэ захиргааны урд 2 өрөө 44.4мк байр,"УБ — Хан-Уул, Яармаг",Нийтэлсэн: 2024-10-09 16:12,8751515,"ХУД Яармаг Агарта резиденсе хотхонд
5 давхрын 44, 4 мкв
2 өрөө байр зарна
УК- ийн Акт баталгаажсан тул банкны зээлээр авах боломжтой.
Гэрчилгээ гарахад бэлэн болсон
Зүүн харууцтай уул харсан цэлгэр том цонхтой
Бүрэн цутгамал хийц,
Метал фасадтай
Домофон систем, Смарт цоожтой
2025 онд хотхондоо улсын цэцэрлэг сургууль нээгдэхээр төлөвлөгдсөн.
""Royal House LLC"" - ийн бүтээн байгуулалт",4,12
